{
    "bayes": {
        "count": {
            "ham": {
                "precision": 0.9934585355560245,
                "recall": 0.9753470064222084,
                "f1-score": 0.9843194647710641,
                "support": 4827
            },
            "spam": {
                "precision": 0.8574850299401198,
                "recall": 0.9585006693440429,
                "f1-score": 0.9051833122629585,
                "support": 747
            },
            "accuracy": 0.9730893433799784,
            "macro avg": {
                "precision": 0.9254717827480721,
                "recall": 0.9669238378831256,
                "f1-score": 0.9447513885170113,
                "support": 5574
            },
            "weighted avg": {
                "precision": 0.9752360366871546,
                "recall": 0.9730893433799784,
                "f1-score": 0.9737140277557153,
                "support": 5574
            }
        },
        "tf-idf": {
            "ham": {
                "precision": 0.9792556436851739,
                "recall": 0.997513983840895,
                "f1-score": 0.9883004926108374,
                "support": 4827
            },
            "spam": {
                "precision": 0.9817351598173516,
                "recall": 0.8634538152610441,
                "f1-score": 0.9188034188034189,
                "support": 747
            },
            "accuracy": 0.9795479009687836,
            "macro avg": {
                "precision": 0.9804954017512628,
                "recall": 0.9304838995509696,
                "f1-score": 0.9535519557071281,
                "support": 5574
            },
            "weighted avg": {
                "precision": 0.9795879362131138,
                "recall": 0.9795479009687836,
                "f1-score": 0.9789868374019853,
                "support": 5574
            }
        }
    },
    "ffn": {
        "count": {
            "ham": {
                "precision": 0.9858809085328423,
                "recall": 0.9981354878806712,
                "f1-score": 0.9919703520691784,
                "support": 4827
            },
            "spam": {
                "precision": 0.9868995633187773,
                "recall": 0.9076305220883534,
                "f1-score": 0.9456066945606694,
                "support": 747
            },
            "accuracy": 0.9860064585575888,
            "macro avg": {
                "precision": 0.9863902359258098,
                "recall": 0.9528830049845123,
                "f1-score": 0.9687885233149238,
                "support": 5574
            },
            "weighted avg": {
                "precision": 0.9860174236252524,
                "recall": 0.9860064585575888,
                "f1-score": 0.9857569232642167,
                "support": 5574
            }
        },
        "tf-idf": {
            "ham": {
                "precision": 0.9842696629213483,
                "recall": 0.9981354878806712,
                "f1-score": 0.991154083521909,
                "support": 4827
            },
            "spam": {
                "precision": 0.9867452135493373,
                "recall": 0.8969210174029452,
                "f1-score": 0.9396914446002805,
                "support": 747
            },
            "accuracy": 0.9845712235378543,
            "macro avg": {
                "precision": 0.9855074382353428,
                "recall": 0.9475282526418082,
                "f1-score": 0.9654227640610948,
                "support": 5574
            },
            "weighted avg": {
                "precision": 0.9846014240119668,
                "recall": 0.9845712235378543,
                "f1-score": 0.9842573143661043,
                "support": 5574
            }
        }
    }
}