{
    "bayes": {
        "count": {
            "ham": {
                "precision": 0.9945054945054945,
                "recall": 0.9749326703956909,
                "f1-score": 0.9846218223663562,
                "support": 4827
            },
            "spam": {
                "precision": 0.8562945368171021,
                "recall": 0.965194109772423,
                "f1-score": 0.9074889867841409,
                "support": 747
            },
            "accuracy": 0.9736275565123789,
            "macro avg": {
                "precision": 0.9254000156612983,
                "recall": 0.970063390084057,
                "f1-score": 0.9460554045752485,
                "support": 5574
            },
            "weighted avg": {
                "precision": 0.9759831433405808,
                "recall": 0.9736275565123789,
                "f1-score": 0.9742848600089979,
                "support": 5574
            }
        },
        "tf-idf": {
            "ham": {
                "precision": 0.981844145246838,
                "recall": 0.9970996478143774,
                "f1-score": 0.9894130948710042,
                "support": 4827
            },
            "spam": {
                "precision": 0.9791666666666666,
                "recall": 0.8808567603748326,
                "f1-score": 0.927413671599718,
                "support": 747
            },
            "accuracy": 0.9815213491209186,
            "macro avg": {
                "precision": 0.9805054059567524,
                "recall": 0.9389782040946051,
                "f1-score": 0.9584133832353611,
                "support": 5574
            },
            "weighted avg": {
                "precision": 0.9814853227675794,
                "recall": 0.9815213491209186,
                "f1-score": 0.9811042378233453,
                "support": 5574
            }
        }
    },
    "ffn": {
        "count": {
            "ham": {
                "precision": 0.9871007371007371,
                "recall": 0.9987569919204475,
                "f1-score": 0.992894655545258,
                "support": 4827
            },
            "spam": {
                "precision": 0.991304347826087,
                "recall": 0.9156626506024096,
                "f1-score": 0.9519832985386222,
                "support": 747
            },
            "accuracy": 0.9876210979547901,
            "macro avg": {
                "precision": 0.9892025424634121,
                "recall": 0.9572098212614286,
                "f1-score": 0.9724389770419402,
                "support": 5574
            },
            "weighted avg": {
                "precision": 0.9876640842862118,
                "recall": 0.9876210979547901,
                "f1-score": 0.9874119171735398,
                "support": 5574
            }
        },
        "tf-idf": {
            "ham": {
                "precision": 0.985483541198119,
                "recall": 0.9985498239071887,
                "f1-score": 0.991973657131097,
                "support": 4827
            },
            "spam": {
                "precision": 0.9897510980966325,
                "recall": 0.9049531459170014,
                "f1-score": 0.9454545454545455,
                "support": 747
            },
            "accuracy": 0.9860064585575888,
            "macro avg": {
                "precision": 0.9876173196473758,
                "recall": 0.951751484912095,
                "f1-score": 0.9687141012928213,
                "support": 5574
            },
            "weighted avg": {
                "precision": 0.9860554581344644,
                "recall": 0.9860064585575888,
                "f1-score": 0.9857393951249283,
                "support": 5574
            }
        }
    }
}