{
    "bayes": {
        "count": {
            "ham": {
                "precision": 0.9934805467928496,
                "recall": 0.9786616946343485,
                "f1-score": 0.9860154456272177,
                "support": 4827
            },
            "spam": {
                "precision": 0.8742368742368742,
                "recall": 0.9585006693440429,
                "f1-score": 0.9144316730523627,
                "support": 747
            },
            "accuracy": 0.9759598134194475,
            "macro avg": {
                "precision": 0.9338587105148619,
                "recall": 0.9685811819891956,
                "f1-score": 0.9502235593397902,
                "support": 5574
            },
            "weighted avg": {
                "precision": 0.9775000976720543,
                "recall": 0.9759598134194475,
                "f1-score": 0.9764221413370462,
                "support": 5574
            }
        },
        "tf-idf": {
            "ham": {
                "precision": 0.9826742763962495,
                "recall": 0.9987569919204475,
                "f1-score": 0.9906503647385185,
                "support": 4827
            },
            "spam": {
                "precision": 0.9910179640718563,
                "recall": 0.8862115127175368,
                "f1-score": 0.9356890459363958,
                "support": 747
            },
            "accuracy": 0.9836742016505202,
            "macro avg": {
                "precision": 0.9868461202340528,
                "recall": 0.9424842523189922,
                "f1-score": 0.9631697053374572,
                "support": 5574
            },
            "weighted avg": {
                "precision": 0.9837924562838847,
                "recall": 0.9836742016505202,
                "f1-score": 0.9832847197537345,
                "support": 5574
            }
        }
    },
    "ffn": {
        "count": {
            "ham": {
                "precision": 0.984282506634007,
                "recall": 0.9989641599337062,
                "f1-score": 0.991568990335184,
                "support": 4827
            },
            "spam": {
                "precision": 0.9925925925925926,
                "recall": 0.8969210174029452,
                "f1-score": 0.9423347398030942,
                "support": 747
            },
            "accuracy": 0.9852888410477215,
            "macro avg": {
                "precision": 0.9884375496132998,
                "recall": 0.9479425886683257,
                "f1-score": 0.9669518650691391,
                "support": 5574
            },
            "weighted avg": {
                "precision": 0.9853961833851844,
                "recall": 0.9852888410477215,
                "f1-score": 0.9849708588053183,
                "support": 5574
            }
        },
        "tf-idf": {
            "ham": {
                "precision": 0.9808475957620212,
                "recall": 0.9973068158276363,
                "f1-score": 0.9890087313816127,
                "support": 4827
            },
            "spam": {
                "precision": 0.9804804804804805,
                "recall": 0.8741633199464525,
                "f1-score": 0.9242745930644021,
                "support": 747
            },
            "accuracy": 0.9808037316110513,
            "macro avg": {
                "precision": 0.9806640381212508,
                "recall": 0.9357350678870444,
                "f1-score": 0.9566416622230074,
                "support": 5574
            },
            "weighted avg": {
                "precision": 0.9807983967818793,
                "recall": 0.9808037316110513,
                "f1-score": 0.9803333813057326,
                "support": 5574
            }
        }
    }
}