{
    "bayes": {
        "count": {
            "ham": {
                "precision": 0.9949324324324325,
                "recall": 0.9761756784752434,
                "f1-score": 0.9854648122973962,
                "support": 4827
            },
            "spam": {
                "precision": 0.8627684964200477,
                "recall": 0.9678714859437751,
                "f1-score": 0.9123028391167193,
                "support": 747
            },
            "accuracy": 0.9750627915321134,
            "macro avg": {
                "precision": 0.9288504644262401,
                "recall": 0.9720235822095094,
                "f1-score": 0.9488838257070578,
                "support": 5574
            },
            "weighted avg": {
                "precision": 0.9772204733005252,
                "recall": 0.9750627915321134,
                "f1-score": 0.9756600053426122,
                "support": 5574
            }
        },
        "tf-idf": {
            "ham": {
                "precision": 0.9862704918032786,
                "recall": 0.9970996478143774,
                "f1-score": 0.991655506335634,
                "support": 4827
            },
            "spam": {
                "precision": 0.9798270893371758,
                "recall": 0.9103078982597055,
                "f1-score": 0.9437890353920887,
                "support": 747
            },
            "accuracy": 0.9854682454251884,
            "macro avg": {
                "precision": 0.9830487905702272,
                "recall": 0.9537037730370415,
                "f1-score": 0.9677222708638613,
                "support": 5574
            },
            "weighted avg": {
                "precision": 0.9854069787709537,
                "recall": 0.9854682454251884,
                "f1-score": 0.9852406778830275,
                "support": 5574
            }
        }
    },
    "ffn": {
        "count": {
            "ham": {
                "precision": 0.9879172639770633,
                "recall": 0.9993784959602238,
                "f1-score": 0.9936148300720906,
                "support": 4827
            },
            "spam": {
                "precision": 0.9956584659913169,
                "recall": 0.9210174029451138,
                "f1-score": 0.9568845618915159,
                "support": 747
            },
            "accuracy": 0.9888769285970578,
            "macro avg": {
                "precision": 0.99178786498419,
                "recall": 0.9601979494526688,
                "f1-score": 0.9752496959818033,
                "support": 5574
            },
            "weighted avg": {
                "precision": 0.9889547017066377,
                "recall": 0.9888769285970578,
                "f1-score": 0.9886924206119383,
                "support": 5574
            }
        },
        "tf-idf": {
            "ham": {
                "precision": 0.9820700896495518,
                "recall": 0.9985498239071887,
                "f1-score": 0.9902413970210581,
                "support": 4827
            },
            "spam": {
                "precision": 0.9894894894894894,
                "recall": 0.8821954484605087,
                "f1-score": 0.932767162066525,
                "support": 747
            },
            "accuracy": 0.982956584140653,
            "macro avg": {
                "precision": 0.9857797895695206,
                "recall": 0.9403726361838487,
                "f1-score": 0.9615042795437916,
                "support": 5574
            },
            "weighted avg": {
                "precision": 0.9830644010382193,
                "recall": 0.982956584140653,
                "f1-score": 0.9825389834022858,
                "support": 5574
            }
        }
    }
}