{
    "pain": {
        "de": 2.3072866402393215,
        "smile": 2.299827163850063,
        "feel": 1.9718885675120301,
        "howz": 1.5763880471465903,
        "meds": 1.5754942393979785,
        "back": 1.5294169318857729,
        "gosh": 0.9924988471873164,
        "unspoken": 0.992319908267287,
        "grief": 0.992319908267287,
        "urination": 0.992319908267287
    },
    "fancy": {
        "find": 1.9703560438159284,
        "meetin": 1.5806622821775183,
        "because": 1.5682006236426642,
        "chat": 1.5627160936126407,
        "cumin": 0.9967729491534215,
        "bridge": 0.9967729491534215,
        "becausethey": 0.9967729491534215,
        "filthyguys": 0.9967729491534215,
        "shag": 0.9967729491534215,
        "wrk": 0.9962362655186544
    },
    "control": {
        "massive": 1.0003452159557262,
        "birth": 0.9999874934047019,
        "sent": 0.9806245530611102,
        "number": 0.9714779554737973,
        "scratching": 0.001060927264409317,
        "ew": 0.001060927264409317,
        "6times": 0.001060927264409317,
        "september": 0.001060927264409317,
        "beerage": 0.001060927264409317,
        "uniform": 0.001060927264409317
    },
    "morning": {
        "good": 4.996448748776832,
        "come": 2.4956551339179964,
        "princess": 2.2925963886415177,
        "love": 2.235184608341157,
        "day": 2.229209293435067,
        "plz": 1.9717368248788365,
        "tomorrow": 1.953854507310931,
        "happy": 1.9452581351871856,
        "great": 1.944209029548259,
        "welcomes": 1.562590435233445
    },
    "customer": {
        "service": 4.284244509542417,
        "call": 3.800747135868473,
        "services": 3.435932196124726,
        "loyalty": 2.302353890094149,
        "important": 2.2973600093326754,
        "place": 2.2867166925919644,
        "pleased": 1.9809618805690792,
        "valued": 1.9788187332957012,
        "network": 1.972763714977743,
        "may": 1.9656725478829136
    },
    "track": {
        "down": 1.567161456797677,
        "spreadsheet": 0.9994513861642702,
        "weirdest": 0.999093574892374,
        "whose": 0.999093574892374,
        "record": 0.999093574892374,
        "usf": 0.9962342749778348,
        "minutes": 0.9907104559320387,
        "ever": 0.9892883808628408,
        "half": 0.9864484290778789,
        "know": 0.921439456939864
    },
    "know": {
        "don": 5.002909490471422,
        "dont": 3.967500918208474,
        "someone": 3.4875800692410115,
        "lemme": 3.0908283730198836,
        "need": 3.040270069857836,
        "want": 2.6733936920072328,
        "like": 2.43101689621663,
        "menu": 2.2433675518272262,
        "country": 2.2430101394530735,
        "player": 2.2403323652990084
    },
    "scary": {
        "shocking": 1.0001663435928552,
        "movie": 0.9944533994478526,
        "saw": 0.9933847364057369,
        "though": 0.9932067028347222,
        "cant": 0.9815047986028147,
        "scratching": 0.0008820549015378953,
        "ew": 0.0008820549015378953,
        "6times": 0.0008820549015378953,
        "september": 0.0008820549015378953,
        "beerage": 0.0008820549015378953
    },
    "boye": {
        "faded": 1.000345304676598,
        "changed": 0.9983784399671971,
        "replying": 0.9980211161162337,
        "uncle": 0.9969496752642476,
        "sent": 0.9802668305100858,
        "need": 0.9476414638170098,
        "scratching": 0.0007032047133847308,
        "ew": 0.0007032047133847308,
        "6times": 0.0007032047133847308,
        "september": 0.0007032047133847308
    },
    "run": {
        "away": 1.98500230261817,
        "cn": 1.5778123417639593,
        "coffee": 1.5762036870265153,
        "fast": 1.5737048950406487,
        "tomo": 1.5733482777997054,
        "don": 1.5291054398382231,
        "intention": 0.9935653748657235,
        "ubandu": 0.9935653748657235,
        "lousy": 0.9932075635938276,
        "shorter": 0.9928498410428033
    }
}